session_id,pages_visited,time_on_site,cart_value,abandoned
SID1,8,548,23.49,0
SID2,13,226,112.2,0
SID3,18,472,214.7,1
SID4,13,529,294.08,0
SID5,9,936,293.16,1
SID6,7,966,76.6,0
SID7,5,888,299.14,1
SID8,16,308,164.12,0
SID9,10,893,290.27,0
SID10,12,977,257.51,1
SID11,13,887,248.09,1
SID12,2,52,84.71,1
SID13,11,108,145.4,1
SID14,6,894,50.65,1
SID15,1,548,175.8,0
SID16,3,78,114.28,1
SID17,10,276,148.93,0
SID18,6,349,158.73,0
SID19,19,957,226.5,1
SID20,8,750,290.03,1
SID21,5,560,135.14,1
SID22,2,881,244.64,1
SID23,12,227,231.95,1
SID24,10,342,140.02,0
SID25,12,164,149.36,0
SID26,16,689,147.64,0
SID27,1,332,157.12,0
SID28,13,888,219.9,1
SID29,4,610,281.9,1
SID30,12,395,265.43,0
SID31,7,995,277.38,0
SID32,12,715,122.49,0
SID33,7,408,59.25,1
SID34,16,893,185.0,0
SID35,10,533,181.45,0
SID36,10,180,19.45,0
SID37,16,830,260.94,0
SID38,7,791,178.26,0
SID39,16,871,175.14,1
SID40,15,400,86.81,1
SID41,10,450,57.61,0
SID42,18,316,12.72,1
SID43,12,607,257.61,0
SID44,16,926,124.91,1
SID45,10,691,256.21,0
SID46,19,747,79.16,0
SID47,13,330,299.74,1
SID48,18,176,248.8,0
SID49,6,65,44.95,0
SID50,7,617,95.14,0
SID51,1,778,70.81,0
SID52,18,168,240.22,0
SID53,12,235,15.12,0
SID54,2,131,65.85,0
SID55,7,138,43.44,0
SID56,8,616,77.58,1
SID57,11,451,182.79,0
SID58,14,914,166.3,0
SID59,18,173,183.56,0
SID60,2,167,107.68,0
SID61,2,637,283.97,0
SID62,15,67,164.27,0
SID63,19,576,251.31,0
SID64,11,106,219.84,0
SID65,5,293,31.11,0
SID66,12,624,293.05,0
SID67,4,696,130.25,1
SID68,6,315,103.47,1
SID69,18,668,239.69,0
SID70,10,76,211.14,0
SID71,2,170,274.39,0
SID72,18,550,42.25,1
SID73,14,509,283.36,0
SID74,4,337,33.29,0
SID75,15,678,48.98,0
SID76,9,780,204.96,0
SID77,10,648,276.51,1
SID78,9,498,77.05,1
SID79,12,500,44.44,0
SID80,11,428,97.78,0
SID81,18,980,230.82,0
SID82,4,792,168.58,0
SID83,8,144,72.86,0
SID84,13,492,70.54,1
SID85,12,596,73.53,1
SID86,1,58,75.4,1
SID87,14,518,232.98,0
SID88,3,270,116.55,1
SID89,4,596,71.02,0
SID90,16,761,48.25,0
SID91,16,607,169.1,1
SID92,8,900,188.39,1
SID93,6,762,44.74,1
SID94,9,982,142.34,0
SID95,19,209,119.07,1
SID96,18,701,17.73,0
SID97,5,349,54.53,1
SID98,12,491,26.35,1
SID99,15,990,163.8,0
SID100,7,734,239.76,0
SID101,18,833,128.79,0
SID102,3,664,162.64,1
SID103,13,692,86.73,0
SID104,6,352,186.46,1
SID105,10,71,37.7,0
SID106,7,557,69.72,1
SID107,10,223,106.37,0
SID108,7,237,133.25,1
SID109,7,469,177.99,0
SID110,13,37,220.13,0
SID111,11,648,52.77,0
SID112,19,502,233.0,1
SID113,7,209,28.25,0
SID114,9,739,145.52,0
SID115,6,958,42.82,0
SID116,14,457,106.31,1
SID117,7,191,221.98,1
SID118,14,501,146.81,1
SID119,12,986,156.21,1
SID120,5,262,71.23,0
SID121,7,35,275.14,0
SID122,1,111,278.56,0
SID123,8,451,256.75,0
SID124,16,885,262.24,0
SID125,17,918,167.39,1
SID126,1,816,244.04,0
SID127,17,704,31.73,0
SID128,14,224,146.39,0
SID129,6,90,192.89,0
SID130,5,420,172.19,1
SID131,13,443,144.97,0
SID132,6,93,30.92,0
SID133,7,824,70.17,0
SID134,12,834,236.16,0
SID135,3,929,239.74,0
SID136,13,46,59.23,0
SID137,17,183,274.43,0
SID138,6,399,215.97,0
SID139,17,618,292.14,0
SID140,13,699,68.53,0
SID141,8,288,31.37,0
SID142,17,475,145.61,1
SID143,3,320,102.22,0
SID144,19,321,273.31,1
SID145,18,865,292.96,1
SID146,3,732,282.99,1
SID147,4,448,174.81,0
SID148,11,903,40.35,0
SID149,8,434,63.69,0
SID150,9,957,78.37,1
SID151,14,519,83.93,0
SID152,12,469,242.39,1
SID153,9,559,119.87,0
SID154,5,704,154.7,0
SID155,3,233,299.56,0
SID156,19,322,57.74,0
SID157,7,199,92.93,0
SID158,4,115,115.6,0
SID159,13,311,191.1,0
SID160,9,126,79.9,0
SID161,14,156,77.11,0
SID162,15,413,162.79,1
SID163,4,262,107.61,1
SID164,4,406,173.33,1
SID165,16,328,191.49,0
SID166,6,247,285.65,1
SID167,5,129,220.49,0
SID168,12,864,54.45,0
SID169,11,204,21.86,0
SID170,19,899,287.48,0
SID171,11,80,228.85,0
SID172,4,635,57.74,1
SID173,3,974,126.7,1
SID174,10,613,190.09,0
SID175,8,636,43.11,0
SID176,4,957,138.4,0
SID177,3,853,185.59,0
SID178,9,221,30.69,0
SID179,18,434,138.18,1
SID180,19,427,169.42,0
SID181,10,823,133.51,0
SID182,7,755,173.51,0
SID183,15,765,40.27,0
SID184,8,658,258.36,1
SID185,9,258,66.64,0
SID186,17,235,60.44,0
SID187,9,256,153.65,1
SID188,9,80,181.74,0
SID189,7,764,252.5,0
SID190,1,752,13.78,0
SID191,19,77,19.57,1
SID192,17,367,114.02,0
SID193,16,285,15.45,0
SID194,11,255,74.52,0
SID195,11,131,11.74,0
SID196,1,101,249.03,0
SID197,12,647,69.94,0
SID198,9,75,11.9,0
SID199,9,828,229.36,1
SID200,12,896,263.02,0
SID201,10,857,219.33,0
SID202,10,34,15.2,0
SID203,7,880,46.62,1
SID204,7,482,222.41,0
SID205,5,86,253.96,1
SID206,11,473,242.83,0
SID207,7,475,264.37,0
SID208,5,253,282.7,1
SID209,16,570,251.15,0
SID210,11,577,163.4,0
SID211,10,504,259.94,0
SID212,7,330,44.46,0
SID213,3,142,85.1,0
SID214,5,965,206.9,1
SID215,19,244,132.45,0
SID216,12,434,66.8,0
SID217,4,464,113.07,0
SID218,2,847,16.75,0
SID219,17,934,181.0,0
SID220,14,221,141.57,0
SID221,17,594,286.68,1
SID222,16,567,156.25,0
SID223,12,485,15.19,1
SID224,15,354,122.52,0
SID225,16,161,293.56,0
SID226,17,79,21.72,0
SID227,17,217,204.54,0
SID228,11,192,93.09,0
SID229,16,98,276.39,1
SID230,5,473,210.05,0
SID231,15,67,49.18,1
SID232,10,490,146.26,1
SID233,11,439,177.59,0
SID234,14,620,64.28,0
SID235,1,896,296.06,0
SID236,7,926,273.78,1
SID237,4,560,265.81,0
SID238,17,454,102.32,0
SID239,14,118,77.73,0
SID240,3,329,15.97,1
SID241,5,377,277.47,0
SID242,11,749,52.64,0
SID243,8,162,189.02,0
SID244,17,696,203.86,1
SID245,16,872,144.24,0
SID246,8,936,178.09,0
SID247,8,479,164.41,0
SID248,3,171,134.05,0
SID249,14,704,177.71,0
SID250,1,423,119.01,1
SID251,5,502,287.98,0
SID252,2,502,192.98,0
SID253,4,892,29.75,0
SID254,7,705,144.39,1
SID255,13,499,88.73,1
SID256,3,758,64.02,0
SID257,8,921,29.84,0
SID258,18,58,150.71,0
SID259,19,614,216.76,0
SID260,16,987,282.79,0
SID261,8,961,87.51,1
SID262,1,861,284.42,0
SID263,8,227,71.42,0
SID264,17,168,272.05,0
SID265,2,671,260.36,0
SID266,13,343,21.25,1
SID267,19,958,21.39,0
SID268,15,306,200.42,0
SID269,13,654,167.92,0
SID270,4,952,158.26,1
SID271,17,339,83.0,0
SID272,4,782,264.0,1
SID273,14,967,38.38,1
SID274,3,373,223.07,1
SID275,13,701,56.27,0
SID276,1,512,36.56,0
SID277,9,781,54.89,0
SID278,9,662,37.87,1
SID279,8,893,36.77,1
SID280,6,62,18.23,0
SID281,16,584,226.85,0
SID282,11,577,60.28,0
SID283,12,41,14.57,0
SID284,8,847,43.3,0
SID285,18,384,153.54,0
SID286,19,798,189.32,1
SID287,3,286,182.06,1
SID288,6,299,287.53,0
SID289,19,824,289.81,1
SID290,3,898,238.4,1
SID291,14,972,230.33,0
SID292,11,872,288.33,1
SID293,8,989,193.36,1
SID294,16,263,235.44,0
SID295,9,544,92.62,0
SID296,14,990,162.82,0
SID297,8,174,231.08,0
SID298,9,589,291.09,0
SID299,9,159,115.85,1
SID300,5,636,178.0,1
SID301,9,777,227.07,0
SID302,14,976,67.32,1
SID303,14,257,191.66,0
SID304,5,643,299.05,0
SID305,16,395,48.09,0
SID306,19,384,296.75,0
SID307,15,153,234.05,0
SID308,17,614,71.88,0
SID309,6,438,148.93,1
SID310,13,944,221.18,0
SID311,17,133,244.93,0
SID312,15,181,257.95,0
SID313,6,982,265.74,0
SID314,4,166,51.31,0
SID315,7,863,186.5,0
SID316,14,826,145.18,0
SID317,6,333,28.92,0
SID318,19,662,291.12,0
SID319,18,606,46.96,0
SID320,15,925,40.9,0
SID321,3,873,103.8,0
SID322,5,227,257.81,1
SID323,18,788,161.02,0
SID324,18,962,182.07,0
SID325,14,132,195.8,0
SID326,10,130,161.88,0
SID327,2,719,197.59,0
SID328,2,825,249.64,0
SID329,13,395,198.7,0
SID330,1,510,297.65,0
SID331,9,598,171.96,0
SID332,15,683,209.7,0
SID333,3,89,139.14,0
SID334,13,634,114.09,0
SID335,7,560,38.46,0
SID336,4,575,197.8,0
SID337,19,866,24.9,0
SID338,16,665,42.5,0
SID339,5,193,173.88,0
SID340,6,636,147.4,0
SID341,5,987,280.84,0
SID342,2,233,216.73,0
SID343,16,393,125.44,0
SID344,2,989,296.0,1
SID345,2,462,226.56,1
SID346,8,508,68.3,0
SID347,11,843,32.43,1
SID348,10,873,11.2,1
SID349,14,88,29.96,0
SID350,8,137,178.19,0
SID351,2,329,139.29,1
SID352,3,357,184.09,0
SID353,5,185,174.65,0
SID354,12,421,29.77,0
SID355,10,605,295.49,1
SID356,19,825,262.42,1
SID357,8,861,134.73,0
SID358,5,354,47.06,0
SID359,17,850,140.57,0
SID360,10,131,124.29,0
SID361,15,259,173.93,0
SID362,11,691,179.14,0
SID363,14,635,14.18,0
SID364,16,425,275.14,0
SID365,8,114,19.38,0
SID366,7,54,62.45,0
SID367,19,153,41.15,1
SID368,1,945,101.98,1
SID369,3,377,110.32,0
SID370,19,955,271.18,1
SID371,4,230,261.25,0
SID372,1,699,86.9,0
SID373,19,567,39.29,1
SID374,18,934,186.3,1
SID375,15,587,273.5,0
SID376,3,859,181.9,1
SID377,1,334,142.53,0
SID378,16,810,41.91,0
SID379,17,421,262.36,0
SID380,4,474,200.06,0
SID381,17,538,204.47,0
SID382,17,467,63.63,1
SID383,1,425,39.35,1
SID384,7,184,199.78,0
SID385,11,920,71.13,1
SID386,9,786,296.81,0
SID387,11,170,55.01,1
SID388,5,132,211.26,0
SID389,17,584,131.91,0
SID390,11,235,75.03,1
SID391,2,418,11.31,0
SID392,6,620,262.75,0
SID393,13,220,227.17,0
SID394,5,369,289.7,0
SID395,7,184,31.14,1
SID396,12,105,290.45,0
SID397,13,824,257.84,0
SID398,4,181,282.33,0
SID399,10,558,283.84,0
SID400,14,459,274.09,0
SID401,7,968,66.07,0
SID402,3,646,231.11,1
SID403,3,592,19.03,0
SID404,12,767,187.42,0
SID405,19,815,194.16,0
SID406,16,757,87.43,1
SID407,2,97,44.44,0
SID408,19,497,161.07,0
SID409,8,999,104.58,0
SID410,14,333,40.41,0
SID411,11,345,71.34,1
SID412,6,78,84.06,0
SID413,18,369,158.48,0
SID414,13,386,18.48,0
SID415,6,494,46.28,1
SID416,15,993,17.51,1
SID417,8,894,37.96,0
SID418,1,691,148.08,0
SID419,3,477,270.93,0
SID420,3,858,204.67,1
SID421,13,968,48.74,0
SID422,12,352,235.31,0
SID423,15,970,176.4,1
SID424,11,982,170.05,0
SID425,18,290,169.51,0
SID426,7,821,82.82,0
SID427,6,766,209.79,0
SID428,14,674,34.97,0
SID429,19,992,239.21,0
SID430,5,128,118.92,0
SID431,7,63,269.36,1
SID432,14,690,192.84,0
SID433,19,710,217.67,1
SID434,11,812,186.95,1
SID435,8,699,223.0,0
SID436,3,994,212.03,1
SID437,9,361,123.33,0
SID438,7,778,64.42,0
SID439,17,663,74.99,0
SID440,5,799,175.0,1
SID441,13,397,34.77,0
SID442,14,980,232.14,1
SID443,6,249,193.4,0
SID444,19,525,211.06,0
SID445,18,802,186.48,0
SID446,2,51,283.05,0
SID447,10,969,263.41,0
SID448,2,300,153.67,1
SID449,7,872,285.88,1
SID450,17,772,264.15,0
SID451,8,383,187.34,0
SID452,17,599,44.38,0
SID453,6,753,37.54,1
SID454,11,40,60.81,0
SID455,3,165,32.98,0
SID456,11,191,107.53,1
SID457,15,738,257.84,0
SID458,1,464,92.84,1
SID459,5,681,190.15,0
SID460,13,670,133.76,0
SID461,10,210,63.31,0
SID462,9,198,249.16,0
SID463,14,418,200.79,0
SID464,19,234,187.39,0
SID465,3,414,211.82,0
SID466,1,672,265.75,0
SID467,14,253,186.02,1
SID468,17,953,174.62,1
SID469,17,958,297.71,0
SID470,13,672,248.87,1
SID471,19,232,258.64,0
SID472,10,146,99.01,0
SID473,1,732,26.57,1
SID474,6,668,164.05,0
SID475,5,193,95.66,1
SID476,9,473,75.92,0
SID477,14,186,274.37,0
SID478,10,162,54.84,1
SID479,18,620,177.58,0
SID480,19,977,137.18,1
SID481,3,815,182.18,0
SID482,14,859,12.5,0
SID483,4,361,23.15,1
SID484,17,348,265.76,0
SID485,15,189,171.46,0
SID486,12,278,258.72,0
SID487,17,363,58.04,0
SID488,12,831,231.91,0
SID489,17,406,203.8,0
SID490,6,417,68.27,0
SID491,8,811,158.49,0
SID492,16,603,16.63,0
SID493,6,222,101.75,0
SID494,2,676,119.71,1
SID495,8,534,130.59,0
SID496,14,432,251.7,1
SID497,11,681,190.36,1
SID498,4,872,160.8,1
SID499,18,843,180.28,0
SID500,7,850,171.05,0
SID501,15,771,42.91,1
SID502,5,203,173.08,0
SID503,17,179,155.64,0
SID504,18,37,58.15,0
SID505,12,760,100.53,0
SID506,14,737,156.37,0
SID507,5,936,283.22,1
SID508,12,53,287.75,0
SID509,17,262,150.16,1
SID510,9,276,218.16,1
SID511,6,266,193.69,0
SID512,9,462,10.41,0
SID513,15,584,209.49,1
SID514,6,747,26.57,0
SID515,3,255,98.65,1
SID516,14,117,94.78,0
SID517,18,335,55.37,0
SID518,12,625,178.5,0
SID519,17,325,132.42,0
SID520,18,237,209.97,0
SID521,18,811,99.36,1
SID522,6,880,200.66,1
SID523,1,201,122.53,1
SID524,19,992,139.56,1
SID525,17,388,85.31,1
SID526,12,941,247.33,0
SID527,14,103,239.57,0
SID528,5,796,225.52,0
SID529,18,553,273.96,0
SID530,17,193,161.05,1
SID531,3,312,257.09,0
SID532,16,701,133.95,1
SID533,2,104,89.34,1
SID534,12,222,167.43,0
SID535,6,138,42.87,0
SID536,8,638,224.17,0
SID537,4,228,97.28,0
SID538,15,156,113.66,1
SID539,7,200,48.33,0
SID540,2,916,79.15,0
SID541,4,548,85.26,1
SID542,7,950,63.72,1
SID543,16,598,104.42,0
SID544,15,604,158.58,0
SID545,19,677,289.8,1
SID546,15,772,267.09,1
SID547,2,886,142.32,0
SID548,17,836,146.54,0
SID549,5,303,13.83,1
SID550,2,877,56.92,1
SID551,12,953,227.43,0
SID552,9,742,187.91,1
SID553,16,901,267.21,1
SID554,18,276,297.07,1
SID555,17,552,295.89,0
SID556,11,781,132.15,1
SID557,14,464,51.17,0
SID558,6,91,267.45,0
SID559,13,490,222.47,0
SID560,15,927,63.43,0
SID561,6,40,125.07,1
SID562,7,318,226.37,0
SID563,5,195,258.36,0
SID564,17,253,139.32,0
SID565,3,874,293.08,0
SID566,9,484,170.57,0
SID567,13,883,144.21,0
SID568,3,599,293.79,1
SID569,6,920,81.43,0
SID570,3,71,259.12,1
SID571,6,96,14.22,0
SID572,8,728,144.73,0
SID573,13,948,240.86,0
SID574,4,689,130.64,1
SID575,8,279,238.62,0
SID576,19,287,292.35,0
SID577,8,276,107.86,0
SID578,16,609,240.31,0
SID579,9,141,36.84,0
SID580,16,507,43.72,1
SID581,11,591,79.41,0
SID582,5,106,84.76,0
SID583,19,249,100.22,0
SID584,5,947,69.76,0
SID585,9,819,44.96,1
SID586,14,912,66.53,0
SID587,8,50,38.06,0
SID588,10,486,49.71,0
SID589,9,527,203.2,0
SID590,14,241,197.61,1
SID591,1,782,131.36,0
SID592,13,416,141.74,0
SID593,19,885,212.7,0
SID594,7,767,82.15,0
SID595,12,180,177.2,1
SID596,18,988,68.71,0
SID597,17,862,278.78,1
SID598,1,171,57.61,1
SID599,14,160,215.48,0
SID600,10,400,200.32,0
SID601,7,523,29.68,0
SID602,3,219,209.11,0
SID603,7,588,255.66,1
SID604,11,346,51.1,0
SID605,1,311,158.44,0
SID606,1,391,68.91,0
SID607,18,756,83.67,1
SID608,9,464,253.05,1
SID609,15,323,247.22,0
SID610,4,732,99.81,1
SID611,9,347,29.09,0
SID612,2,853,258.57,0
SID613,6,524,114.18,1
SID614,4,329,228.34,1
SID615,19,675,290.07,1
SID616,5,156,120.13,0
SID617,12,860,198.84,0
SID618,2,939,142.81,1
SID619,12,448,110.06,0
SID620,11,606,64.55,0
SID621,13,184,197.32,0
SID622,18,792,154.84,0
SID623,12,876,47.7,0
SID624,7,168,231.59,0
SID625,5,701,88.9,1
SID626,2,828,138.21,0
SID627,19,775,105.9,0
SID628,17,572,266.75,0
SID629,17,225,118.21,0
SID630,9,307,236.45,0
SID631,2,208,274.33,0
SID632,14,365,297.26,0
SID633,2,894,298.2,0
SID634,13,146,149.26,1
SID635,19,974,76.29,0
SID636,14,85,63.07,0
SID637,18,727,112.54,0
SID638,3,645,175.44,0
SID639,9,303,28.56,1
SID640,15,857,111.49,0
SID641,13,390,57.63,1
SID642,12,914,95.96,1
SID643,7,388,111.98,0
SID644,16,783,261.05,0
SID645,12,673,28.81,0
SID646,13,960,296.05,0
SID647,3,842,182.4,0
SID648,9,348,53.52,1
SID649,9,245,19.12,1
SID650,4,670,127.6,0
SID651,4,440,121.91,0
SID652,15,760,46.57,1
SID653,8,288,183.25,0
SID654,12,210,296.11,0
SID655,13,225,84.27,1
SID656,1,299,73.27,0
SID657,8,224,75.13,0
SID658,12,139,135.32,1
SID659,13,891,299.96,0
SID660,7,241,252.84,0
SID661,6,346,256.34,0
SID662,16,603,22.78,0
SID663,11,358,23.93,0
SID664,14,65,86.26,1
SID665,9,592,188.26,1
SID666,19,40,265.32,0
SID667,7,521,138.37,1
SID668,3,911,70.54,0
SID669,14,135,168.44,1
SID670,4,905,50.9,1
SID671,9,373,47.04,0
SID672,10,46,150.62,1
SID673,10,610,20.01,0
SID674,13,124,292.25,0
SID675,19,476,228.55,0
SID676,13,957,119.46,0
SID677,13,388,250.08,0
SID678,5,578,47.77,1
SID679,1,123,218.9,0
SID680,19,998,210.46,1
SID681,11,36,97.36,1
SID682,6,73,211.09,0
SID683,11,573,16.88,1
SID684,16,539,142.41,1
SID685,4,258,172.34,0
SID686,14,713,244.09,1
SID687,11,655,183.8,0
SID688,7,369,296.6,0
SID689,19,813,261.42,1
SID690,10,57,104.51,0
SID691,6,231,251.62,0
SID692,16,385,13.29,1
SID693,19,437,218.27,0
SID694,11,512,252.71,1
SID695,5,580,195.33,0
SID696,19,271,213.02,0
SID697,17,385,133.21,1
SID698,5,419,48.22,1
SID699,1,992,217.25,0
SID700,1,46,176.89,0
SID701,17,127,190.96,0
SID702,15,543,67.22,0
SID703,13,800,290.26,0
SID704,2,390,272.26,0
SID705,17,390,70.87,0
SID706,9,228,298.21,0
SID707,7,708,109.62,0
SID708,10,731,44.52,0
SID709,10,314,81.21,1
SID710,7,153,56.83,1
SID711,2,788,292.15,1
SID712,7,794,246.66,0
SID713,17,326,100.3,0
SID714,13,197,58.21,0
SID715,16,594,230.4,1
SID716,16,399,220.78,0
SID717,13,573,65.71,0
SID718,3,435,89.73,1
SID719,10,36,219.45,0
SID720,5,106,161.99,1
SID721,19,545,129.53,0
SID722,10,125,286.45,1
SID723,15,234,95.4,0
SID724,3,930,154.31,0
SID725,18,385,269.26,1
SID726,13,711,91.02,1
SID727,19,583,122.96,0
SID728,3,560,239.31,1
SID729,16,573,298.22,1
SID730,19,564,213.48,0
SID731,1,160,278.02,1
SID732,6,272,217.25,0
SID733,8,744,260.05,0
SID734,8,744,18.33,0
SID735,9,298,163.08,0
SID736,2,214,184.84,1
SID737,4,957,51.2,0
SID738,19,875,22.41,1
SID739,8,476,48.21,1
SID740,14,616,205.49,0
SID741,3,328,148.99,0
SID742,15,681,14.67,0
SID743,3,662,181.7,0
SID744,13,512,40.85,0
SID745,10,625,234.31,0
SID746,18,231,90.59,0
SID747,4,330,62.61,0
SID748,18,964,97.25,0
SID749,11,997,176.9,1
SID750,2,188,153.04,0
SID751,13,89,249.93,1
SID752,4,719,156.44,0
SID753,18,602,188.63,1
SID754,16,111,47.16,0
SID755,4,78,78.56,0
SID756,13,141,178.85,0
SID757,2,765,275.82,0
SID758,17,395,39.45,0
SID759,8,414,259.15,0
SID760,16,809,241.54,0
SID761,11,656,260.37,0
SID762,10,220,10.29,0
SID763,9,866,25.42,0
SID764,18,597,181.48,1
SID765,9,687,145.11,0
SID766,17,386,42.17,0
SID767,4,66,274.2,1
SID768,15,337,71.87,1
SID769,13,534,217.31,0
SID770,11,110,226.54,0
SID771,3,164,145.57,0
SID772,1,682,190.67,1
SID773,14,451,217.78,0
SID774,19,394,37.08,1
SID775,8,797,21.33,1
SID776,10,769,223.32,1
SID777,15,64,234.19,0
SID778,6,905,118.99,0
SID779,4,627,23.01,1
SID780,2,331,102.23,0
SID781,11,146,296.05,1
SID782,15,95,33.4,0
SID783,13,598,31.94,0
SID784,8,128,104.23,0
SID785,12,621,153.4,0
SID786,7,824,279.81,1
SID787,6,478,188.48,0
SID788,6,647,228.79,0
SID789,13,480,19.17,0
SID790,4,723,154.33,0
SID791,8,350,78.43,1
SID792,15,133,164.5,0
SID793,19,593,63.95,0
SID794,13,119,246.83,0
SID795,18,998,259.59,0
SID796,8,51,14.59,0
SID797,5,157,119.74,0
SID798,1,511,155.09,0
SID799,14,518,87.14,0
SID800,8,99,224.67,0
SID801,8,927,292.43,1
SID802,13,40,143.07,1
SID803,2,484,145.67,1
SID804,8,559,109.71,0
SID805,3,616,176.2,0
SID806,3,407,147.27,0
SID807,14,75,69.16,0
SID808,13,709,138.62,0
SID809,9,880,133.59,1
SID810,9,75,142.3,1
SID811,15,361,270.32,0
SID812,5,737,152.68,0
SID813,9,643,248.91,1
SID814,9,627,199.45,0
SID815,16,434,107.2,1
SID816,19,833,166.79,1
SID817,4,792,293.45,0
SID818,4,953,187.49,0
SID819,8,401,174.84,0
SID820,11,735,79.81,0
SID821,19,934,124.02,1
SID822,19,105,220.57,0
SID823,11,269,134.06,1
SID824,4,333,279.87,1
SID825,13,959,151.04,0
SID826,15,722,193.02,0
SID827,8,924,43.1,1
SID828,19,116,145.99,0
SID829,9,875,125.24,0
SID830,3,624,217.7,1
SID831,19,457,72.57,0
SID832,2,557,210.81,0
SID833,19,517,146.77,0
SID834,10,259,157.76,1
SID835,7,448,159.58,0
SID836,7,879,176.59,0
SID837,13,401,229.35,0
SID838,10,458,48.29,0
SID839,6,133,172.53,0
SID840,2,674,92.41,0
SID841,3,988,162.44,0
SID842,11,606,165.51,0
SID843,4,246,209.2,1
SID844,12,962,239.1,0
SID845,11,403,130.41,0
SID846,12,805,284.76,0
SID847,15,634,205.99,1
SID848,5,310,138.44,0
SID849,2,826,44.1,0
SID850,16,802,298.45,0
SID851,11,548,128.59,0
SID852,10,673,269.78,0
SID853,19,978,37.79,0
SID854,3,66,266.26,0
SID855,12,844,81.39,0
SID856,18,739,15.79,1
SID857,14,302,25.9,0
SID858,15,393,297.63,0
SID859,9,965,274.12,0
SID860,5,539,285.28,0
SID861,4,951,50.9,0
SID862,15,241,112.65,0
SID863,14,234,61.78,0
SID864,13,623,128.88,0
SID865,2,50,43.57,0
SID866,8,304,274.77,0
SID867,13,590,267.54,0
SID868,2,931,238.53,0
SID869,8,307,208.28,0
SID870,16,927,102.0,1
SID871,3,732,106.23,0
SID872,15,835,78.99,1
SID873,14,775,221.24,1
SID874,17,541,266.64,0
SID875,6,985,193.79,0
SID876,4,573,161.5,0
SID877,7,172,130.26,1
SID878,14,891,102.33,1
SID879,15,903,111.84,0
SID880,5,90,129.68,0
SID881,12,413,239.0,0
SID882,18,709,31.86,0
SID883,18,550,274.6,0
SID884,16,139,191.29,0
SID885,4,447,130.15,0
SID886,1,104,31.63,1
SID887,4,706,151.86,1
SID888,12,205,130.15,0
SID889,19,887,25.22,1
SID890,1,795,111.71,0
SID891,15,406,132.43,0
SID892,14,624,242.2,0
SID893,8,789,203.95,0
SID894,12,377,275.09,0
SID895,16,438,294.83,1
SID896,19,611,168.85,1
SID897,6,918,151.14,0
SID898,12,918,221.06,0
SID899,17,505,167.1,0
SID900,15,669,59.28,0
SID901,12,702,136.64,0
SID902,2,196,196.8,0
SID903,4,781,147.75,0
SID904,17,523,76.03,0
SID905,17,494,60.66,1
SID906,15,820,212.34,0
SID907,8,765,273.8,0
SID908,8,610,265.1,1
SID909,4,67,77.82,0
SID910,1,507,27.48,0
SID911,4,683,133.54,1
SID912,12,342,26.7,1
SID913,12,180,94.58,0
SID914,8,793,174.48,0
SID915,3,471,264.63,1
SID916,3,242,249.67,1
SID917,19,598,59.67,0
SID918,17,901,58.13,1
SID919,18,534,116.59,0
SID920,10,512,208.16,1
SID921,18,507,286.96,0
SID922,10,516,255.55,1
SID923,14,797,292.56,0
SID924,6,79,121.06,1
SID925,12,145,254.81,0
SID926,18,658,31.43,1
SID927,1,910,57.66,0
SID928,7,391,60.18,0
SID929,19,462,232.97,0
SID930,17,689,27.82,0
SID931,16,890,107.79,0
SID932,18,77,144.54,1
SID933,12,467,40.14,1
SID934,5,913,233.12,0
SID935,4,504,256.36,1
SID936,7,720,49.58,0
SID937,19,398,219.2,0
SID938,11,807,237.79,1
SID939,4,231,249.28,0
SID940,15,922,88.45,1
SID941,1,226,92.41,0
SID942,12,456,70.28,0
SID943,12,256,11.89,1
SID944,3,767,160.28,1
SID945,16,381,20.29,1
SID946,1,243,96.25,0
SID947,18,41,83.49,0
SID948,8,676,286.88,0
SID949,6,446,215.79,0
SID950,9,285,24.44,0
SID951,3,201,177.46,0
SID952,9,688,65.86,1
SID953,17,341,295.5,1
SID954,8,520,21.33,0
SID955,14,549,264.36,0
SID956,16,615,132.99,0
SID957,19,490,224.15,0
SID958,1,435,40.81,1
SID959,3,464,260.33,1
SID960,18,928,206.67,1
SID961,13,836,219.48,0
SID962,7,902,59.23,0
SID963,2,610,299.22,1
SID964,6,906,173.43,0
SID965,11,484,42.75,1
SID966,7,376,253.43,0
SID967,8,642,111.15,0
SID968,18,56,63.84,0
SID969,17,799,257.19,0
SID970,1,375,11.22,0
SID971,12,709,194.0,0
SID972,5,315,138.19,0
SID973,8,378,56.67,0
SID974,15,729,184.18,1
SID975,17,952,298.46,0
SID976,11,856,183.33,1
SID977,16,55,41.74,1
SID978,17,531,133.08,1
SID979,12,974,65.24,0
SID980,1,480,92.45,0
SID981,16,465,187.05,1
SID982,15,910,213.12,0
SID983,17,635,30.91,0
SID984,13,106,299.48,0
SID985,8,916,100.32,0
SID986,7,255,294.56,0
SID987,19,757,138.74,1
SID988,6,103,62.16,1
SID989,14,585,257.55,0
SID990,1,774,82.33,0
SID991,16,854,161.62,0
SID992,15,913,59.55,0
SID993,13,293,273.23,1
SID994,9,806,211.0,0
SID995,3,429,282.57,0
SID996,15,59,226.87,0
SID997,6,422,158.66,0
SID998,12,85,120.85,1
SID999,15,392,73.53,0
SID1000,5,60,220.0,0
